create database restaurant_freakyuse restaurant_freakycreate table customer(id_customer char(4) not null primary key,name varchar(50),date varchar(50),address varchar(50))Select *from customer insert into customer values ('C001','andi','01/12/18','bogor')insert into customer values ('C002','anto','02/12/18','bandung')insert into customer values ('C003','ani','03/12/18','solo')insert into customer values ('C004','adi','04/12/18','medan')insert into customer values ('C005','andis','05/12/18','surabaya')insert into customer values ('C006','alas','06/12/18','tanggerang')insert into customer values ('C007','bagas','07/12/18','jakarta')create table pet(id_pet char(4) not null primary key,name varchar(50),Phone varchar(50))Select *from petInsert into pet values ('E001','Vega','081285336303')Insert into pet values ('E002','Vera','081285346404')Insert into pet values ('E003','Kaka','081285356505')Insert into pet values ('E004','Keke','081285366606')Insert into pet values ('E005','Ali','081285377707')create table pet2(id_pet char(4) not null primary key,Position varchar(50),Salary varchar(50))Select *from pet2Insert into pet2 values ('E001','waiters','Rp.1000.000')Insert into pet2 values ('E002','waiters','Rp.1000.000')Insert into pet2 values ('E003','chef','Rp.2000.000')Insert into pet2 values ('E004','chef','Rp.2000.000')Insert into pet2 values ('E005','cashier','Rp.1500.000')create table menu(no_menu char(4) not null primary key,name varchar(50),id_pet char(4),foreign key (id_employee) references employee (id_employee))Select *from menuInsert into menu values ('FM01','nasi goreng','E003')Insert into menu values ('FM02','mie goreng','E003')Insert into menu values ('FM03','nasi ayam teriyaki','E003')Insert into menu values ('FM04','mie ayam teriyaki','E003')Insert into menu values ('FM05','martabak mie','E003')Insert into menu values ('DM01','es jeruk','E004')Insert into menu values ('DM02','es lemon','E004')Insert into menu values ('DM03','es teh manis','E004')Insert into menu values ('DM04','es alpukat','E004')create table food(no_menu char(4) not null primary key,name varchar(50),price int)Select *from foodInsert into food values ('FM01','nasi goreng','35000')Insert into food values ('FM02','mie goreng','35000')Insert into food values ('FM03','nasi ayam teriyaki','30000')Insert into food values ('FM04','mie ayam teriyaki','30000')Insert into food values ('FM05','martabak mie','20000')create table drink(no_menu char(4) not null primary key,name varchar(50),price int,)Select *from drinkInsert into drink values ('DM01','es jeruk','15000')Insert into drink values ('DM02','es lemon','15000')Insert into drink values ('DM03','es teh manis','10000')Insert into drink values ('DM04','es alpukat','10000')Insert into drink values ('DM05','air mineral','5000')create table tukar(id_tukar char(4) not null primary key,id_pet char(4),id_customer char(4),food_menu varchar(50),drink_menu varchar(50),total_ordered int,foreign key (id_pet) references employee (id_employee),foreign key (id_customer) references customer (id_customer))Select *from tukardrop table tukarinsert into tukar values('T001','E005','C001','nasi goreng','es jeruk','2')insert into tukar values('T002','E005','C002','nasi goreng','es lemon','2')insert into tukar values('T003','E005','C003','mie goreng','es teh manis','2')insert into tukar values('T004','E005','C004','martabak mie','es jeruk','2')insert into tukar values('T005','E005','C005','mie ayam teriyaki','es lemon','2')insert into tukar values('T006','E005','C006','nasi ayam teriyaki','null','2')insert into tukar values('T007','E005','C007','mie goreng','es jeruk','2')create trigger insert_data_tukaron tukar after insert as update tukar set tukar.total_ordered = tukar.food_menu + inserted.drink_menu from inserted where tukar.id_tukar = inserted.id_tukarcreate table openinghour(date_ varchar(50) not null primary key,id_transaction char(4),opened varchar(50),closed varchar(50),foreign key (id_tukar) references tukar (id_tukar))Select *from openinghourinsert into openinghour values('monday','T001','08.am','21.pm')insert into openinghour values('tuesday','T002','08.am','21.pm')insert into openinghour values('wednesday','T003','08.am','21.pm')insert into openinghour values('thursday','T004','08.am','21.pm')insert into openinghour values('friday','T005','08.am','24.pm')insert into openinghour values('saturday','T006','08.am','24.pm')insert into openinghour values('sunday','T007','08.am','21.pm')drop table openinghourdrop database restaurant_freaky 
